{
    "emd": 0.0625,
    "particion1": [
        [
            1,
            0
        ],
        [
            0,
            2
        ]
    ],
    "particion2": [
        [
            0,
            0
        ],
        [
            0,
            1
        ],
        [
            1,
            1
        ]
    ],
    "distribucion_teorica": [
        0.2734375,
        0.1640625,
        0.3515625,
        0.2109375
    ],
    "distribucion_experimental": [
        0.24609375,
        0.19140625,
        0.31640625,
        0.24609375
    ]
}